Date,RPM,Speed,nGear,Throttle,Brake,DRS,Source,Time,SessionTime,Distance,Driver
2024-09-01 13:49:00.270,11305.0,317.0,8,100.0,False,14,car,0 days 00:00:00.106000,0 days 01:41:16.351000,9.33388888888889,LEC
2024-09-01 13:49:00.630,11433.0,320.0,8,99.0,False,12,car,0 days 00:00:00.466000,0 days 01:41:16.711000,41.33388888888889,LEC
2024-09-01 13:49:00.830,11465.0,322.0,8,99.0,False,12,car,0 days 00:00:00.666000,0 days 01:41:16.911000,59.22277777777778,LEC
2024-09-01 13:49:00.990,11465.0,324.0,8,99.0,False,12,car,0 days 00:00:00.826000,0 days 01:41:17.071000,73.62277777777777,LEC
2024-09-01 13:49:01.310,11595.0,326.0,8,99.0,False,12,car,0 days 00:00:01.146000,0 days 01:41:17.391000,102.60055555555554,LEC
2024-09-01 13:49:01.470,11666.0,327.0,8,99.0,False,12,car,0 days 00:00:01.306000,0 days 01:41:17.551000,117.13388888888889,LEC
2024-09-01 13:49:01.710,11723.0,329.0,8,100.0,False,12,car,0 days 00:00:01.546000,0 days 01:41:17.791000,139.06722222222223,LEC
2024-09-01 13:49:01.910,11749.0,331.0,8,99.0,False,12,car,0 days 00:00:01.746000,0 days 01:41:17.991000,157.4561111111111,LEC
2024-09-01 13:49:02.310,11851.0,333.0,8,99.0,False,12,car,0 days 00:00:02.146000,0 days 01:41:18.391000,194.4561111111111,LEC
2024-09-01 13:49:02.470,11878.0,335.0,8,99.0,False,12,car,0 days 00:00:02.306000,0 days 01:41:18.551000,209.34500000000003,LEC
2024-09-01 13:49:02.710,11888.0,333.0,8,99.0,False,12,car,0 days 00:00:02.546000,0 days 01:41:18.791000,231.54500000000002,LEC
2024-09-01 13:49:02.989,11962.0,336.0,8,99.0,False,12,car,0 days 00:00:02.825000,0 days 01:41:19.070000,257.58500000000004,LEC
2024-09-01 13:49:03.149,11982.0,336.0,8,99.0,False,12,car,0 days 00:00:02.985000,0 days 01:41:19.230000,272.5183333333333,LEC
2024-09-01 13:49:03.589,12018.0,339.0,8,99.0,False,12,car,0 days 00:00:03.425000,0 days 01:41:19.670000,313.95166666666665,LEC
2024-09-01 13:49:03.829,12049.0,340.0,8,99.0,False,12,car,0 days 00:00:03.665000,0 days 01:41:19.910000,336.61833333333334,LEC
2024-09-01 13:49:04.109,12051.0,340.0,8,99.0,False,12,car,0 days 00:00:03.945000,0 days 01:41:20.190000,363.06277777777774,LEC
2024-09-01 13:49:04.309,12100.0,340.0,8,99.0,False,12,car,0 days 00:00:04.145000,0 days 01:41:20.390000,381.9516666666666,LEC
2024-09-01 13:49:04.469,12116.0,340.0,8,99.0,False,12,car,0 days 00:00:04.305000,0 days 01:41:20.550000,397.06277777777774,LEC
2024-09-01 13:49:04.709,12137.0,341.0,8,100.0,False,12,car,0 days 00:00:04.545000,0 days 01:41:20.790000,419.7961111111111,LEC
2024-09-01 13:49:05.029,12069.0,341.0,8,100.0,False,12,car,0 days 00:00:04.865000,0 days 01:41:21.110000,450.1072222222222,LEC
2024-09-01 13:49:05.389,12052.0,341.0,8,99.0,False,12,car,0 days 00:00:05.225000,0 days 01:41:21.470000,484.2072222222222,LEC
2024-09-01 13:49:05.549,12067.0,340.0,8,99.0,False,12,car,0 days 00:00:05.385000,0 days 01:41:21.630000,499.3183333333333,LEC
2024-09-01 13:49:05.749,12064.0,341.0,8,99.0,False,12,car,0 days 00:00:05.585000,0 days 01:41:21.830000,518.2627777777778,LEC
2024-09-01 13:49:05.909,12083.0,339.0,8,99.0,False,12,car,0 days 00:00:05.745000,0 days 01:41:21.990000,533.3294444444446,LEC
2024-09-01 13:49:06.230,12050.0,339.0,8,99.0,False,12,car,0 days 00:00:06.066000,0 days 01:41:22.311000,563.5569444444445,LEC
2024-09-01 13:49:06.670,11961.0,337.0,8,99.0,False,12,car,0 days 00:00:06.506000,0 days 01:41:22.751000,604.7458333333334,LEC
2024-09-01 13:49:06.870,11921.0,337.0,8,99.0,False,12,car,0 days 00:00:06.706000,0 days 01:41:22.951000,623.4680555555557,LEC
2024-09-01 13:49:07.150,11887.0,336.0,8,99.0,False,12,car,0 days 00:00:06.986000,0 days 01:41:23.231000,649.601388888889,LEC
2024-09-01 13:49:07.350,11846.0,334.0,8,99.0,False,12,car,0 days 00:00:07.186000,0 days 01:41:23.431000,668.1569444444445,LEC
2024-09-01 13:49:07.590,11823.0,334.0,8,99.0,False,12,car,0 days 00:00:07.426000,0 days 01:41:23.671000,690.4236111111112,LEC
2024-09-01 13:49:07.790,11795.0,333.0,8,99.0,False,12,car,0 days 00:00:07.626000,0 days 01:41:23.871000,708.9236111111112,LEC
2024-09-01 13:49:07.950,11775.0,332.0,8,99.0,False,12,car,0 days 00:00:07.786000,0 days 01:41:24.031000,723.6791666666667,LEC
2024-09-01 13:49:08.270,11740.0,331.0,8,99.0,False,12,car,0 days 00:00:08.106000,0 days 01:41:24.351000,753.1013888888889,LEC
2024-09-01 13:49:08.430,11472.0,329.0,8,61.0,True,0,car,0 days 00:00:08.266000,0 days 01:41:24.511000,767.7236111111112,LEC
2024-09-01 13:49:08.870,10632.0,263.0,7,2.0,True,0,car,0 days 00:00:08.706000,0 days 01:41:24.951000,799.8680555555555,LEC
2024-09-01 13:49:09.190,10729.0,226.0,6,2.0,True,0,car,0 days 00:00:09.026000,0 days 01:41:25.271000,819.9569444444445,LEC
2024-09-01 13:49:09.390,10690.0,205.0,6,1.0,True,0,car,0 days 00:00:09.226000,0 days 01:41:25.471000,831.3458333333334,LEC
2024-09-01 13:49:09.590,11376.0,205.0,6,2.0,True,0,car,0 days 00:00:09.426000,0 days 01:41:25.671000,842.7347222222222,LEC
2024-09-01 13:49:09.949,11397.0,150.0,4,3.0,True,0,car,0 days 00:00:09.785000,0 days 01:41:26.030000,857.6930555555556,LEC
2024-09-01 13:49:10.389,10413.0,122.0,2,4.0,True,0,car,0 days 00:00:10.225000,0 days 01:41:26.470000,872.6041666666666,LEC
2024-09-01 13:49:10.589,9121.0,111.0,2,5.0,True,0,car,0 days 00:00:10.425000,0 days 01:41:26.670000,878.7708333333334,LEC
2024-09-01 13:49:10.829,8527.0,103.0,2,5.0,True,0,car,0 days 00:00:10.665000,0 days 01:41:26.910000,885.6375,LEC
2024-09-01 13:49:11.069,7656.0,92.0,2,5.0,True,0,car,0 days 00:00:10.905000,0 days 01:41:27.150000,891.7708333333334,LEC
2024-09-01 13:49:11.269,7468.0,86.0,2,4.0,True,0,car,0 days 00:00:11.105000,0 days 01:41:27.350000,896.5486111111112,LEC
2024-09-01 13:49:11.509,6922.0,81.0,2,4.0,True,0,car,0 days 00:00:11.345000,0 days 01:41:27.590000,901.9486111111112,LEC
2024-09-01 13:49:11.709,6425.0,77.0,2,3.0,False,0,car,0 days 00:00:11.545000,0 days 01:41:27.790000,906.2263888888889,LEC
2024-09-01 13:49:12.109,6957.0,75.0,2,27.0,False,0,car,0 days 00:00:11.945000,0 days 01:41:28.190000,914.5597222222223,LEC
2024-09-01 13:49:12.349,7237.0,78.0,2,35.0,False,0,car,0 days 00:00:12.185000,0 days 01:41:28.430000,919.7597222222223,LEC
2024-09-01 13:49:12.709,6567.0,81.0,2,0.0,True,0,car,0 days 00:00:12.545000,0 days 01:41:28.790000,927.8597222222223,LEC
2024-09-01 13:49:12.910,6427.0,76.0,2,0.0,True,0,car,0 days 00:00:12.746000,0 days 01:41:28.991000,932.1030555555557,LEC
2024-09-01 13:49:13.110,6138.0,73.0,2,1.0,True,0,car,0 days 00:00:12.946000,0 days 01:41:29.191000,936.1586111111112,LEC
2024-09-01 13:49:13.310,6291.0,70.0,2,12.0,False,0,car,0 days 00:00:13.146000,0 days 01:41:29.391000,940.0475000000001,LEC
2024-09-01 13:49:13.630,6768.0,71.0,2,31.0,False,0,car,0 days 00:00:13.466000,0 days 01:41:29.711000,946.3586111111113,LEC
2024-09-01 13:49:13.950,6829.0,74.0,2,39.0,False,0,car,0 days 00:00:13.786000,0 days 01:41:30.031000,952.936388888889,LEC
2024-09-01 13:49:14.110,7021.0,76.0,2,41.0,False,0,car,0 days 00:00:13.946000,0 days 01:41:30.191000,956.3141666666668,LEC
2024-09-01 13:49:14.430,7649.0,80.0,2,49.0,False,0,car,0 days 00:00:14.266000,0 days 01:41:30.511000,963.4252777777779,LEC
2024-09-01 13:49:14.590,8281.0,87.0,2,57.0,False,0,car,0 days 00:00:14.426000,0 days 01:41:30.671000,967.2919444444445,LEC
2024-09-01 13:49:14.870,8914.0,98.0,2,64.0,False,0,car,0 days 00:00:14.706000,0 days 01:41:30.951000,974.9141666666667,LEC
2024-09-01 13:49:15.030,9054.0,102.0,2,64.0,False,0,car,0 days 00:00:14.866000,0 days 01:41:31.111000,979.4475,LEC
2024-09-01 13:49:15.310,9614.0,114.0,2,78.0,False,0,car,0 days 00:00:15.146000,0 days 01:41:31.391000,988.3141666666667,LEC
2024-09-01 13:49:15.670,10500.0,119.0,3,87.0,False,0,car,0 days 00:00:15.506000,0 days 01:41:31.751000,1000.2141666666666,LEC
2024-09-01 13:49:15.950,11377.0,149.0,3,99.0,False,0,car,0 days 00:00:15.786000,0 days 01:41:32.031000,1011.8030555555555,LEC
2024-09-01 13:49:16.150,9979.0,158.0,4,99.0,False,0,car,0 days 00:00:15.986000,0 days 01:41:32.231000,1020.5808333333333,LEC
2024-09-01 13:49:16.350,10959.0,168.0,4,99.0,False,0,car,0 days 00:00:16.186000,0 days 01:41:32.431000,1029.9141666666667,LEC
2024-09-01 13:49:16.589,11584.0,178.0,4,99.0,False,0,car,0 days 00:00:16.425000,0 days 01:41:32.670000,1041.731388888889,LEC
2024-09-01 13:49:16.949,10235.0,193.0,5,99.0,False,0,car,0 days 00:00:16.785000,0 days 01:41:33.030000,1061.0313888888888,LEC
2024-09-01 13:49:17.149,10778.0,201.0,5,99.0,False,0,car,0 days 00:00:16.985000,0 days 01:41:33.230000,1072.1980555555554,LEC
2024-09-01 13:49:17.509,11528.0,212.0,5,100.0,False,0,car,0 days 00:00:17.345000,0 days 01:41:33.590000,1093.3980555555554,LEC
2024-09-01 13:49:17.909,10391.0,223.0,5,99.0,False,0,car,0 days 00:00:17.745000,0 days 01:41:33.990000,1118.1758333333332,LEC
2024-09-01 13:49:18.069,10652.0,229.0,6,100.0,False,0,car,0 days 00:00:17.905000,0 days 01:41:34.150000,1128.353611111111,LEC
2024-09-01 13:49:18.269,10782.0,235.0,6,100.0,False,0,car,0 days 00:00:18.105000,0 days 01:41:34.350000,1141.4091666666664,LEC
2024-09-01 13:49:18.629,11244.0,241.0,6,100.0,False,0,car,0 days 00:00:18.465000,0 days 01:41:34.710000,1165.5091666666663,LEC
2024-09-01 13:49:18.789,11244.0,246.0,6,100.0,False,0,car,0 days 00:00:18.625000,0 days 01:41:34.870000,1176.4424999999997,LEC
2024-09-01 13:49:19.069,11505.0,253.0,6,100.0,False,0,car,0 days 00:00:18.905000,0 days 01:41:35.150000,1196.1202777777776,LEC
2024-09-01 13:49:19.430,10967.0,258.0,6,100.0,False,0,car,0 days 00:00:19.266000,0 days 01:41:35.511000,1221.991944444444,LEC
2024-09-01 13:49:19.710,10832.0,264.0,7,100.0,False,0,car,0 days 00:00:19.546000,0 days 01:41:35.791000,1242.5252777777773,LEC
2024-09-01 13:49:20.110,10916.0,271.0,7,100.0,False,0,car,0 days 00:00:19.946000,0 days 01:41:36.191000,1272.6363888888886,LEC
2024-09-01 13:49:20.430,11160.0,276.0,7,100.0,False,0,car,0 days 00:00:20.266000,0 days 01:41:36.511000,1297.1697222222217,LEC
2024-09-01 13:49:20.670,11259.0,280.0,7,100.0,False,0,car,0 days 00:00:20.506000,0 days 01:41:36.751000,1315.8363888888885,LEC
2024-09-01 13:49:20.910,11350.0,282.0,7,100.0,False,0,car,0 days 00:00:20.746000,0 days 01:41:36.991000,1334.6363888888884,LEC
2024-09-01 13:49:21.110,11523.0,286.0,7,100.0,False,0,car,0 days 00:00:20.946000,0 days 01:41:37.191000,1350.5252777777775,LEC
2024-09-01 13:49:21.270,11587.0,286.0,7,100.0,False,0,car,0 days 00:00:21.106000,0 days 01:41:37.351000,1363.2363888888888,LEC
2024-09-01 13:49:21.590,11684.0,291.0,7,100.0,False,0,car,0 days 00:00:21.426000,0 days 01:41:37.671000,1389.103055555555,LEC
2024-09-01 13:49:21.790,11264.0,292.0,7,100.0,False,0,car,0 days 00:00:21.626000,0 days 01:41:37.871000,1405.3252777777775,LEC
2024-09-01 13:49:22.110,10555.0,296.0,8,100.0,False,0,car,0 days 00:00:21.946000,0 days 01:41:38.191000,1431.6363888888886,LEC
2024-09-01 13:49:22.270,10555.0,298.0,8,100.0,False,0,car,0 days 00:00:22.106000,0 days 01:41:38.351000,1444.8808333333332,LEC
2024-09-01 13:49:22.430,10704.0,300.0,8,100.0,False,0,car,0 days 00:00:22.266000,0 days 01:41:38.511000,1458.2141666666662,LEC
2024-09-01 13:49:22.670,10767.0,302.0,8,100.0,False,0,car,0 days 00:00:22.506000,0 days 01:41:38.751000,1478.3474999999996,LEC
2024-09-01 13:49:22.990,10871.0,304.0,8,100.0,False,0,car,0 days 00:00:22.826000,0 days 01:41:39.071000,1505.369722222222,LEC
2024-09-01 13:49:23.389,10986.0,307.0,8,100.0,False,0,car,0 days 00:00:23.225000,0 days 01:41:39.470000,1539.3955555555553,LEC
2024-09-01 13:49:23.629,11035.0,308.0,8,100.0,False,0,car,0 days 00:00:23.465000,0 days 01:41:39.710000,1559.9288888888887,LEC
2024-09-01 13:49:23.909,11085.0,311.0,8,100.0,False,0,car,0 days 00:00:23.745000,0 days 01:41:39.990000,1584.1177777777777,LEC
2024-09-01 13:49:24.229,11156.0,312.0,8,100.0,False,0,car,0 days 00:00:24.065000,0 days 01:41:40.310000,1611.851111111111,LEC
2024-09-01 13:49:24.509,11208.0,314.0,8,100.0,False,0,car,0 days 00:00:24.345000,0 days 01:41:40.590000,1636.273333333333,LEC
2024-09-01 13:49:24.749,11189.0,316.0,8,100.0,False,0,car,0 days 00:00:24.585000,0 days 01:41:40.830000,1657.34,LEC
2024-09-01 13:49:24.909,11226.0,315.0,8,100.0,False,0,car,0 days 00:00:24.745000,0 days 01:41:40.990000,1671.34,LEC
2024-09-01 13:49:25.189,11249.0,316.0,8,100.0,False,0,car,0 days 00:00:25.025000,0 days 01:41:41.270000,1695.9177777777775,LEC
2024-09-01 13:49:25.429,11276.0,317.0,8,100.0,False,0,car,0 days 00:00:25.265000,0 days 01:41:41.510000,1717.051111111111,LEC
2024-09-01 13:49:25.629,11276.0,317.0,8,100.0,False,0,car,0 days 00:00:25.465000,0 days 01:41:41.710000,1734.662222222222,LEC
2024-09-01 13:49:25.990,11264.0,317.0,8,100.0,False,0,car,0 days 00:00:25.826000,0 days 01:41:42.071000,1766.4502777777775,LEC
2024-09-01 13:49:26.230,11260.0,318.0,8,100.0,False,0,car,0 days 00:00:26.066000,0 days 01:41:42.311000,1787.6502777777773,LEC
2024-09-01 13:49:26.430,11271.0,317.0,8,99.0,False,0,car,0 days 00:00:26.266000,0 days 01:41:42.511000,1805.2613888888884,LEC
2024-09-01 13:49:26.710,11227.0,316.0,8,99.0,False,0,car,0 days 00:00:26.546000,0 days 01:41:42.791000,1829.8391666666662,LEC
2024-09-01 13:49:26.870,11209.0,316.0,8,99.0,False,0,car,0 days 00:00:26.706000,0 days 01:41:42.951000,1843.8836111111107,LEC
2024-09-01 13:49:27.070,11185.0,315.0,8,99.0,False,0,car,0 days 00:00:26.906000,0 days 01:41:43.151000,1861.3836111111107,LEC
2024-09-01 13:49:27.230,11166.0,315.0,8,99.0,False,0,car,0 days 00:00:27.066000,0 days 01:41:43.311000,1875.3836111111107,LEC
2024-09-01 13:49:27.430,11140.0,314.0,8,99.0,False,0,car,0 days 00:00:27.266000,0 days 01:41:43.511000,1892.828055555555,LEC
2024-09-01 13:49:27.670,11140.0,313.0,8,99.0,False,0,car,0 days 00:00:27.506000,0 days 01:41:43.751000,1913.6947222222218,LEC
2024-09-01 13:49:27.870,11081.0,313.0,8,99.0,False,0,car,0 days 00:00:27.706000,0 days 01:41:43.951000,1931.0836111111107,LEC
2024-09-01 13:49:28.150,11060.0,312.0,8,99.0,False,0,car,0 days 00:00:27.986000,0 days 01:41:44.231000,1955.3502777777776,LEC
2024-09-01 13:49:28.510,11027.0,311.0,8,99.0,True,0,car,0 days 00:00:28.346000,0 days 01:41:44.591000,1986.4502777777775,LEC
2024-09-01 13:49:28.750,10314.0,281.0,8,3.0,True,0,car,0 days 00:00:28.586000,0 days 01:41:44.831000,2005.1836111111106,LEC
2024-09-01 13:49:28.910,10122.0,267.0,8,1.0,True,0,car,0 days 00:00:28.746000,0 days 01:41:44.991000,2017.0502777777774,LEC
2024-09-01 13:49:29.230,9969.0,226.0,8,3.0,True,0,car,0 days 00:00:29.066000,0 days 01:41:45.311000,2037.1391666666664,LEC
2024-09-01 13:49:29.510,9875.0,189.0,7,4.0,True,0,car,0 days 00:00:29.346000,0 days 01:41:45.591000,2051.8391666666666,LEC
2024-09-01 13:49:29.830,11061.0,163.0,5,3.0,True,0,car,0 days 00:00:29.666000,0 days 01:41:45.911000,2066.3280555555557,LEC
2024-09-01 13:49:30.269,9941.0,131.0,3,0.0,True,0,car,0 days 00:00:30.105000,0 days 01:41:46.350000,2082.302777777778,LEC
2024-09-01 13:49:30.509,8825.0,123.0,3,0.0,True,0,car,0 days 00:00:30.345000,0 days 01:41:46.590000,2090.5027777777777,LEC
2024-09-01 13:49:30.869,8115.0,117.0,3,0.0,True,0,car,0 days 00:00:30.705000,0 days 01:41:46.950000,2102.2027777777776,LEC
2024-09-01 13:49:31.109,7975.0,107.0,3,5.0,False,0,car,0 days 00:00:30.945000,0 days 01:41:47.190000,2109.3361111111108,LEC
2024-09-01 13:49:31.429,8056.0,104.0,3,37.0,False,0,car,0 days 00:00:31.265000,0 days 01:41:47.510000,2118.5805555555553,LEC
2024-09-01 13:49:31.789,8061.0,111.0,3,44.0,False,0,car,0 days 00:00:31.625000,0 days 01:41:47.870000,2129.680555555555,LEC
2024-09-01 13:49:32.029,8448.0,112.0,3,29.0,False,0,car,0 days 00:00:31.865000,0 days 01:41:48.110000,2137.147222222222,LEC
2024-09-01 13:49:32.309,8646.0,111.0,3,39.0,False,0,car,0 days 00:00:32.145000,0 days 01:41:48.390000,2145.7805555555556,LEC
2024-09-01 13:49:32.510,8512.0,110.0,3,44.0,False,0,car,0 days 00:00:32.346000,0 days 01:41:48.591000,2151.922222222222,LEC
2024-09-01 13:49:32.910,9402.0,116.0,3,70.0,False,0,car,0 days 00:00:32.746000,0 days 01:41:48.991000,2164.811111111111,LEC
2024-09-01 13:49:33.150,10591.0,129.0,3,78.0,False,0,car,0 days 00:00:32.986000,0 days 01:41:49.231000,2173.411111111111,LEC
2024-09-01 13:49:33.350,11155.0,137.0,3,82.0,False,0,car,0 days 00:00:33.186000,0 days 01:41:49.431000,2181.0222222222224,LEC
2024-09-01 13:49:33.870,10949.0,160.0,4,99.0,False,0,car,0 days 00:00:33.706000,0 days 01:41:49.951000,2204.1333333333337,LEC
2024-09-01 13:49:34.190,11158.0,174.0,4,99.0,False,0,car,0 days 00:00:34.026000,0 days 01:41:50.271000,2219.6000000000004,LEC
2024-09-01 13:49:34.590,11560.0,190.0,4,99.0,False,0,car,0 days 00:00:34.426000,0 days 01:41:50.671000,2240.711111111111,LEC
2024-09-01 13:49:34.950,11043.0,205.0,5,99.0,False,0,car,0 days 00:00:34.786000,0 days 01:41:51.031000,2261.211111111111,LEC
2024-09-01 13:49:35.150,11332.0,212.0,5,99.0,False,0,car,0 days 00:00:34.986000,0 days 01:41:51.231000,2272.9888888888886,LEC
2024-09-01 13:49:35.430,11528.0,218.0,5,99.0,False,0,car,0 days 00:00:35.266000,0 days 01:41:51.511000,2289.9444444444443,LEC
2024-09-01 13:49:35.830,11138.0,228.0,5,99.0,False,0,car,0 days 00:00:35.666000,0 days 01:41:51.911000,2315.2777777777774,LEC
2024-09-01 13:49:36.070,10421.0,234.0,6,99.0,False,0,car,0 days 00:00:35.906000,0 days 01:41:52.151000,2330.8777777777773,LEC
2024-09-01 13:49:36.270,10805.0,237.0,6,99.0,False,0,car,0 days 00:00:36.106000,0 days 01:41:52.351000,2344.0444444444443,LEC
2024-09-01 13:49:36.510,10972.0,239.0,6,99.0,False,0,car,0 days 00:00:36.346000,0 days 01:41:52.591000,2359.977777777777,LEC
2024-09-01 13:49:36.749,11119.0,240.0,6,99.0,False,0,car,0 days 00:00:36.585000,0 days 01:41:52.830000,2375.911111111111,LEC
2024-09-01 13:49:37.029,11268.0,245.0,6,99.0,False,0,car,0 days 00:00:36.865000,0 days 01:41:53.110000,2394.9666666666667,LEC
2024-09-01 13:49:37.349,11142.0,238.0,6,16.0,True,0,car,0 days 00:00:37.185000,0 days 01:41:53.430000,2416.1222222222223,LEC
2024-09-01 13:49:37.629,10315.0,226.0,6,10.0,True,0,car,0 days 00:00:37.465000,0 days 01:41:53.710000,2433.7000000000003,LEC
2024-09-01 13:49:38.069,10877.0,206.0,5,16.0,True,0,car,0 days 00:00:37.905000,0 days 01:41:54.150000,2458.8777777777777,LEC
2024-09-01 13:49:38.269,10774.0,201.0,5,16.0,True,0,car,0 days 00:00:38.105000,0 days 01:41:54.350000,2470.0444444444443,LEC
2024-09-01 13:49:38.589,10418.0,195.0,5,29.0,True,0,car,0 days 00:00:38.425000,0 days 01:41:54.670000,2487.3777777777777,LEC
2024-09-01 13:49:38.749,10165.0,191.0,5,25.0,True,0,car,0 days 00:00:38.585000,0 days 01:41:54.830000,2495.866666666667,LEC
2024-09-01 13:49:38.949,9919.0,187.0,5,22.0,False,0,car,0 days 00:00:38.785000,0 days 01:41:55.030000,2506.2555555555555,LEC
2024-09-01 13:49:39.350,10092.0,188.0,5,71.0,False,0,car,0 days 00:00:39.186000,0 days 01:41:55.431000,2527.1966666666667,LEC
2024-09-01 13:49:39.590,10092.0,191.0,5,70.0,False,0,car,0 days 00:00:39.426000,0 days 01:41:55.671000,2539.9300000000003,LEC
2024-09-01 13:49:39.830,10716.0,194.0,5,88.0,False,0,car,0 days 00:00:39.666000,0 days 01:41:55.911000,2552.8633333333332,LEC
2024-09-01 13:49:40.070,10992.0,198.0,5,99.0,False,0,car,0 days 00:00:39.906000,0 days 01:41:56.151000,2566.0633333333335,LEC
2024-09-01 13:49:40.310,11246.0,208.0,5,100.0,False,0,car,0 days 00:00:40.146000,0 days 01:41:56.391000,2579.9300000000003,LEC
2024-09-01 13:49:40.750,11868.0,220.0,5,100.0,False,0,car,0 days 00:00:40.586000,0 days 01:41:56.831000,2606.818888888889,LEC
2024-09-01 13:49:41.110,10688.0,226.0,6,100.0,False,0,car,0 days 00:00:40.946000,0 days 01:41:57.191000,2629.418888888889,LEC
2024-09-01 13:49:41.350,10778.0,235.0,6,99.0,False,0,car,0 days 00:00:41.186000,0 days 01:41:57.431000,2645.085555555556,LEC
2024-09-01 13:49:41.550,10971.0,239.0,6,99.0,False,0,car,0 days 00:00:41.386000,0 days 01:41:57.631000,2658.3633333333337,LEC
2024-09-01 13:49:41.750,11067.0,242.0,6,99.0,False,0,car,0 days 00:00:41.586000,0 days 01:41:57.831000,2671.807777777778,LEC
2024-09-01 13:49:42.230,11277.0,245.0,6,99.0,False,0,car,0 days 00:00:42.066000,0 days 01:41:58.311000,2704.474444444445,LEC
2024-09-01 13:49:42.470,11378.0,248.0,6,99.0,False,0,car,0 days 00:00:42.306000,0 days 01:41:58.551000,2721.007777777778,LEC
2024-09-01 13:49:42.710,11460.0,251.0,6,99.0,False,0,car,0 days 00:00:42.546000,0 days 01:41:58.791000,2737.7411111111114,LEC
2024-09-01 13:49:42.990,10290.0,244.0,6,8.0,True,0,car,0 days 00:00:42.826000,0 days 01:41:59.071000,2756.718888888889,LEC
2024-09-01 13:49:43.949,9258.0,178.0,5,16.0,True,0,car,0 days 00:00:43.785000,0 days 01:42:00.030000,2804.136111111111,LEC
2024-09-01 13:49:44.189,9110.0,176.0,5,23.0,True,0,car,0 days 00:00:44.025000,0 days 01:42:00.270000,2815.8694444444445,LEC
2024-09-01 13:49:44.589,9114.0,167.0,5,52.0,False,0,car,0 days 00:00:44.425000,0 days 01:42:00.670000,2834.425,LEC
2024-09-01 13:49:45.029,9590.0,172.0,5,78.0,False,0,car,0 days 00:00:44.865000,0 days 01:42:01.110000,2855.4472222222225,LEC
2024-09-01 13:49:45.429,10219.0,183.0,5,99.0,False,0,car,0 days 00:00:45.265000,0 days 01:42:01.510000,2875.780555555556,LEC
2024-09-01 13:49:45.790,10770.0,197.0,5,99.0,False,0,car,0 days 00:00:45.626000,0 days 01:42:01.871000,2895.535277777778,LEC
2024-09-01 13:49:46.150,11526.0,208.0,5,99.0,False,0,car,0 days 00:00:45.986000,0 days 01:42:02.231000,2916.335277777778,LEC
2024-09-01 13:49:46.310,11723.0,214.0,5,99.0,False,0,car,0 days 00:00:46.146000,0 days 01:42:02.391000,2925.8463888888896,LEC
2024-09-01 13:49:46.630,11925.0,223.0,5,99.0,False,0,car,0 days 00:00:46.466000,0 days 01:42:02.711000,2945.6686111111117,LEC
2024-09-01 13:49:46.870,10805.0,232.0,6,99.0,False,0,car,0 days 00:00:46.706000,0 days 01:42:02.951000,2961.1352777777784,LEC
2024-09-01 13:49:47.310,11032.0,242.0,6,99.0,False,0,car,0 days 00:00:47.146000,0 days 01:42:03.391000,2990.713055555556,LEC
2024-09-01 13:49:47.470,11337.0,247.0,6,99.0,False,0,car,0 days 00:00:47.306000,0 days 01:42:03.551000,3001.6908333333336,LEC
2024-09-01 13:49:47.910,11750.0,256.0,6,99.0,False,0,car,0 days 00:00:47.746000,0 days 01:42:03.991000,3032.979722222223,LEC
2024-09-01 13:49:48.110,11050.0,259.0,6,99.0,False,0,car,0 days 00:00:47.946000,0 days 01:42:04.191000,3047.3686111111115,LEC
2024-09-01 13:49:48.350,10769.0,265.0,7,99.0,False,0,car,0 days 00:00:48.186000,0 days 01:42:04.431000,3065.0352777777784,LEC
2024-09-01 13:49:48.630,10826.0,269.0,7,99.0,False,0,car,0 days 00:00:48.466000,0 days 01:42:04.711000,3085.957500000001,LEC
2024-09-01 13:49:48.830,11011.0,273.0,7,99.0,False,0,car,0 days 00:00:48.666000,0 days 01:42:04.911000,3101.1241666666674,LEC
2024-09-01 13:49:49.110,11090.0,277.0,7,99.0,False,0,car,0 days 00:00:48.946000,0 days 01:42:05.191000,3122.668611111112,LEC
2024-09-01 13:49:49.550,11440.0,285.0,7,99.0,False,0,car,0 days 00:00:49.386000,0 days 01:42:05.631000,3157.501944444446,LEC
2024-09-01 13:49:49.950,11640.0,290.0,7,99.0,False,0,car,0 days 00:00:49.786000,0 days 01:42:06.031000,3189.724166666668,LEC
2024-09-01 13:49:50.229,11635.0,293.0,7,99.0,False,0,car,0 days 00:00:50.065000,0 days 01:42:06.310000,3212.4316666666678,LEC
2024-09-01 13:49:50.429,10573.0,294.0,7,99.0,False,0,car,0 days 00:00:50.265000,0 days 01:42:06.510000,3228.7650000000012,LEC
2024-09-01 13:49:50.789,10687.0,299.0,8,99.0,False,0,car,0 days 00:00:50.625000,0 days 01:42:06.870000,3258.6650000000013,LEC
2024-09-01 13:49:50.949,10763.0,301.0,8,99.0,False,0,car,0 days 00:00:50.785000,0 days 01:42:07.030000,3272.0427777777786,LEC
2024-09-01 13:49:51.189,10834.0,303.0,8,99.0,False,0,car,0 days 00:00:51.025000,0 days 01:42:07.270000,3292.242777777779,LEC
2024-09-01 13:49:51.389,10879.0,305.0,8,99.0,False,0,car,0 days 00:00:51.225000,0 days 01:42:07.470000,3309.1872222222237,LEC
2024-09-01 13:49:51.669,11018.0,308.0,8,99.0,False,0,car,0 days 00:00:51.505000,0 days 01:42:07.750000,3333.1427777777794,LEC
2024-09-01 13:49:51.909,11087.0,311.0,8,99.0,False,0,car,0 days 00:00:51.745000,0 days 01:42:07.990000,3353.876111111112,LEC
2024-09-01 13:49:52.149,11167.0,313.0,8,99.0,False,0,car,0 days 00:00:51.985000,0 days 01:42:08.230000,3374.742777777779,LEC
2024-09-01 13:49:52.510,11249.0,316.0,8,99.0,False,0,car,0 days 00:00:52.346000,0 days 01:42:08.591000,3406.4305555555566,LEC
2024-09-01 13:49:52.870,11314.0,318.0,8,99.0,False,0,car,0 days 00:00:52.706000,0 days 01:42:08.951000,3438.230555555557,LEC
2024-09-01 13:49:53.070,11356.0,319.0,8,99.0,False,0,car,0 days 00:00:52.906000,0 days 01:42:09.151000,3455.952777777779,LEC
2024-09-01 13:49:53.230,11367.0,320.0,8,99.0,False,0,car,0 days 00:00:53.066000,0 days 01:42:09.311000,3470.1750000000015,LEC
2024-09-01 13:49:53.430,11354.0,321.0,8,99.0,False,0,car,0 days 00:00:53.266000,0 days 01:42:09.511000,3488.0083333333346,LEC
2024-09-01 13:49:53.670,11384.0,321.0,8,99.0,False,0,car,0 days 00:00:53.506000,0 days 01:42:09.751000,3509.4083333333347,LEC
2024-09-01 13:49:53.830,11385.0,321.0,8,99.0,False,0,car,0 days 00:00:53.666000,0 days 01:42:09.911000,3523.675000000001,LEC
2024-09-01 13:49:54.150,11445.0,322.0,8,99.0,False,0,car,0 days 00:00:53.986000,0 days 01:42:10.231000,3552.2972222222234,LEC
2024-09-01 13:49:54.550,11460.0,322.0,8,99.0,False,0,car,0 days 00:00:54.386000,0 days 01:42:10.631000,3588.0750000000016,LEC
2024-09-01 13:49:54.750,11415.0,323.0,8,99.0,False,0,car,0 days 00:00:54.586000,0 days 01:42:10.831000,3606.0194444444455,LEC
2024-09-01 13:49:54.910,11422.0,321.0,8,99.0,False,0,car,0 days 00:00:54.746000,0 days 01:42:10.991000,3620.2861111111124,LEC
2024-09-01 13:49:55.150,11376.0,322.0,8,99.0,False,0,car,0 days 00:00:54.986000,0 days 01:42:11.231000,3641.7527777777786,LEC
2024-09-01 13:49:55.430,11345.0,320.0,8,99.0,False,0,car,0 days 00:00:55.266000,0 days 01:42:11.511000,3666.641666666668,LEC
2024-09-01 13:49:55.750,11267.0,318.0,8,99.0,False,0,car,0 days 00:00:55.586000,0 days 01:42:11.831000,3694.9083333333347,LEC
2024-09-01 13:49:56.150,11231.0,317.0,8,99.0,False,0,car,0 days 00:00:55.986000,0 days 01:42:12.231000,3730.130555555557,LEC
2024-09-01 13:49:56.430,11206.0,316.0,8,99.0,False,0,car,0 days 00:00:56.266000,0 days 01:42:12.511000,3754.708333333335,LEC
2024-09-01 13:49:56.590,11206.0,315.0,8,99.0,False,0,car,0 days 00:00:56.426000,0 days 01:42:12.671000,3768.7083333333353,LEC
2024-09-01 13:49:56.750,11156.0,314.0,8,99.0,False,0,car,0 days 00:00:56.586000,0 days 01:42:12.831000,3782.6638888888906,LEC
2024-09-01 13:49:57.029,10780.0,308.0,8,12.0,True,0,car,0 days 00:00:56.865000,0 days 01:42:13.110000,3806.533888888891,LEC
2024-09-01 13:49:57.429,9944.0,253.0,8,4.0,True,0,car,0 days 00:00:57.265000,0 days 01:42:13.510000,3834.645000000002,LEC
2024-09-01 13:49:57.829,10663.0,210.0,7,7.0,True,0,car,0 days 00:00:57.665000,0 days 01:42:13.910000,3857.978333333335,LEC
2024-09-01 13:49:57.989,10366.0,196.0,5,7.0,True,0,car,0 days 00:00:57.825000,0 days 01:42:14.070000,3866.689444444446,LEC
2024-09-01 13:49:58.149,9714.0,188.0,5,7.0,True,0,car,0 days 00:00:57.985000,0 days 01:42:14.230000,3875.0450000000014,LEC
2024-09-01 13:49:58.389,9547.0,182.0,5,12.0,True,0,car,0 days 00:00:58.225000,0 days 01:42:14.470000,3887.1783333333346,LEC
2024-09-01 13:49:58.549,9389.0,182.0,5,24.0,False,0,car,0 days 00:00:58.385000,0 days 01:42:14.630000,3895.267222222223,LEC
2024-09-01 13:49:58.789,9635.0,178.0,5,59.0,False,0,car,0 days 00:00:58.625000,0 days 01:42:14.870000,3907.13388888889,LEC
2024-09-01 13:49:59.030,9484.0,175.0,5,59.0,False,0,car,0 days 00:00:58.866000,0 days 01:42:15.111000,3918.8491666666678,LEC
2024-09-01 13:49:59.270,9918.0,179.0,5,75.0,False,0,car,0 days 00:00:59.106000,0 days 01:42:15.351000,3930.782500000001,LEC
2024-09-01 13:49:59.510,9936.0,183.0,5,84.0,False,0,car,0 days 00:00:59.346000,0 days 01:42:15.591000,3942.982500000001,LEC
2024-09-01 13:49:59.670,10214.0,190.0,5,82.0,False,0,car,0 days 00:00:59.506000,0 days 01:42:15.751000,3951.426944444446,LEC
2024-09-01 13:49:59.910,10680.0,195.0,5,80.0,False,0,car,0 days 00:00:59.746000,0 days 01:42:15.991000,3964.426944444446,LEC
2024-09-01 13:50:00.270,10839.0,201.0,5,76.0,False,0,car,0 days 00:01:00.106000,0 days 01:42:16.351000,3984.5269444444457,LEC
2024-09-01 13:50:00.430,11056.0,201.0,5,76.0,False,0,car,0 days 00:01:00.266000,0 days 01:42:16.511000,3993.4602777777786,LEC
2024-09-01 13:50:00.630,11332.0,205.0,5,82.0,False,0,car,0 days 00:01:00.466000,0 days 01:42:16.711000,4004.8491666666678,LEC
2024-09-01 13:50:00.910,11532.0,214.0,5,99.0,False,0,car,0 days 00:01:00.746000,0 days 01:42:16.991000,4021.4936111111124,LEC
2024-09-01 13:50:01.190,10730.0,220.0,5,99.0,False,0,car,0 days 00:01:01.026000,0 days 01:42:17.271000,4038.6047222222237,LEC
2024-09-01 13:50:01.510,10623.0,229.0,6,99.0,False,0,car,0 days 00:01:01.346000,0 days 01:42:17.591000,4058.9602777777786,LEC
2024-09-01 13:50:01.790,10963.0,237.0,6,99.0,False,0,car,0 days 00:01:01.626000,0 days 01:42:17.871000,4077.393611111112,LEC
2024-09-01 13:50:02.030,11085.0,241.0,6,99.0,False,0,car,0 days 00:01:01.866000,0 days 01:42:18.111000,4093.4602777777786,LEC
2024-09-01 13:50:02.310,11441.0,243.0,6,99.0,False,0,car,0 days 00:01:02.146000,0 days 01:42:18.391000,4112.360277777779,LEC
2024-09-01 13:50:02.550,11565.0,251.0,6,99.0,False,0,car,0 days 00:01:02.386000,0 days 01:42:18.631000,4129.093611111112,LEC
2024-09-01 13:50:02.830,11588.0,254.0,6,99.0,False,0,car,0 days 00:01:02.666000,0 days 01:42:18.911000,4148.849166666668,LEC
2024-09-01 13:50:03.070,10704.0,260.0,6,99.0,False,0,car,0 days 00:01:02.906000,0 days 01:42:19.151000,4166.182500000001,LEC
2024-09-01 13:50:03.230,10625.0,261.0,7,99.0,False,0,car,0 days 00:01:03.066000,0 days 01:42:19.311000,4177.782500000001,LEC
2024-09-01 13:50:03.430,10676.0,265.0,7,99.0,False,0,car,0 days 00:01:03.266000,0 days 01:42:19.511000,4192.504722222223,LEC
2024-09-01 13:50:03.869,10870.0,272.0,7,99.0,False,0,car,0 days 00:01:03.705000,0 days 01:42:19.950000,4225.673611111112,LEC
2024-09-01 13:50:04.309,11253.0,280.0,7,99.0,False,0,car,0 days 00:01:04.145000,0 days 01:42:20.390000,4259.895833333334,LEC
2024-09-01 13:50:04.669,11482.0,286.0,7,99.0,False,0,car,0 days 00:01:04.505000,0 days 01:42:20.750000,4288.495833333334,LEC
2024-09-01 13:50:04.869,11568.0,289.0,7,99.0,False,0,car,0 days 00:01:04.705000,0 days 01:42:20.950000,4304.55138888889,LEC
2024-09-01 13:50:05.149,11708.0,292.0,7,99.0,False,0,car,0 days 00:01:04.985000,0 days 01:42:21.230000,4327.262500000001,LEC
2024-09-01 13:50:05.349,11467.0,294.0,7,99.0,False,0,car,0 days 00:01:05.185000,0 days 01:42:21.430000,4343.595833333335,LEC
2024-09-01 13:50:05.670,10691.0,297.0,8,99.0,False,0,car,0 days 00:01:05.506000,0 days 01:42:21.751000,4370.078333333335,LEC
2024-09-01 13:50:05.950,10751.0,300.0,8,99.0,False,0,car,0 days 00:01:05.786000,0 days 01:42:22.031000,4393.411666666668,LEC
2024-09-01 13:50:06.310,10855.0,304.0,8,99.0,False,0,car,0 days 00:01:06.146000,0 days 01:42:22.391000,4423.811666666667,LEC
2024-09-01 13:50:06.590,10929.0,306.0,8,99.0,False,0,car,0 days 00:01:06.426000,0 days 01:42:22.671000,4447.611666666668,LEC
2024-09-01 13:50:06.790,10986.0,306.0,8,99.0,False,0,car,0 days 00:01:06.626000,0 days 01:42:22.871000,4464.611666666668,LEC
2024-09-01 13:50:07.110,11084.0,311.0,8,99.0,False,0,car,0 days 00:01:06.946000,0 days 01:42:23.191000,4492.256111111112,LEC
2024-09-01 13:50:07.310,11144.0,312.0,8,99.0,False,0,car,0 days 00:01:07.146000,0 days 01:42:23.391000,4509.589444444446,LEC
2024-09-01 13:50:07.590,11210.0,315.0,8,99.0,False,0,car,0 days 00:01:07.426000,0 days 01:42:23.671000,4534.089444444446,LEC
2024-09-01 13:50:07.870,11295.0,317.0,8,99.0,False,0,car,0 days 00:01:07.706000,0 days 01:42:23.951000,4558.745000000002,LEC
2024-09-01 13:50:08.190,11359.0,319.0,8,99.0,False,0,car,0 days 00:01:08.026000,0 days 01:42:24.271000,4587.100555555557,LEC
2024-09-01 13:50:08.390,11359.0,319.0,8,99.0,False,0,car,0 days 00:01:08.226000,0 days 01:42:24.471000,4604.822777777779,LEC
2024-09-01 13:50:08.590,11405.0,322.0,8,99.0,False,0,car,0 days 00:01:08.426000,0 days 01:42:24.671000,4622.711666666668,LEC
2024-09-01 13:50:08.830,11449.0,321.0,8,99.0,False,0,car,0 days 00:01:08.666000,0 days 01:42:24.911000,4644.111666666668,LEC
2024-09-01 13:50:08.990,11449.0,322.0,8,99.0,False,0,car,0 days 00:01:08.826000,0 days 01:42:25.071000,4658.422777777779,LEC
2024-09-01 13:50:09.310,11488.0,323.0,8,99.0,False,0,car,0 days 00:01:09.146000,0 days 01:42:25.391000,4687.13388888889,LEC
2024-09-01 13:50:09.630,11490.0,323.0,8,99.0,False,0,car,0 days 00:01:09.466000,0 days 01:42:25.711000,4715.845000000001,LEC
2024-09-01 13:50:10.110,11480.0,324.0,8,99.0,False,0,car,0 days 00:01:09.946000,0 days 01:42:26.191000,4759.045000000002,LEC
2024-09-01 13:50:10.270,11489.0,323.0,8,99.0,False,0,car,0 days 00:01:10.106000,0 days 01:42:26.351000,4773.400555555557,LEC
2024-09-01 13:50:10.589,11463.0,323.0,8,99.0,False,0,car,0 days 00:01:10.425000,0 days 01:42:26.670000,4802.021944444446,LEC
2024-09-01 13:50:10.869,11436.0,322.0,8,99.0,False,0,car,0 days 00:01:10.705000,0 days 01:42:26.950000,4827.06638888889,LEC
2024-09-01 13:50:11.149,11410.0,321.0,8,99.0,False,0,car,0 days 00:01:10.985000,0 days 01:42:27.230000,4852.033055555557,LEC
2024-09-01 13:50:11.309,11381.0,321.0,8,99.0,False,0,car,0 days 00:01:11.145000,0 days 01:42:27.390000,4866.299722222224,LEC
2024-09-01 13:50:11.509,11352.0,321.0,8,99.0,False,0,car,0 days 00:01:11.345000,0 days 01:42:27.590000,4884.133055555558,LEC
2024-09-01 13:50:11.789,11332.0,319.0,8,99.0,False,0,car,0 days 00:01:11.625000,0 days 01:42:27.870000,4908.944166666669,LEC
2024-09-01 13:50:12.150,11260.0,318.0,8,99.0,False,0,car,0 days 00:01:11.986000,0 days 01:42:28.231000,4940.832500000002,LEC
2024-09-01 13:50:12.590,11224.0,317.0,8,98.0,False,0,car,0 days 00:01:12.426000,0 days 01:42:28.671000,4979.576944444447,LEC
2024-09-01 13:50:12.750,10699.0,298.0,8,7.0,True,0,car,0 days 00:01:12.586000,0 days 01:42:28.831000,4992.821388888891,LEC
2024-09-01 13:50:13.190,10947.0,251.0,8,9.0,True,0,car,0 days 00:01:13.026000,0 days 01:42:29.271000,5023.499166666669,LEC
2024-09-01 13:50:13.350,10535.0,235.0,7,10.0,True,0,car,0 days 00:01:13.186000,0 days 01:42:29.431000,5033.9436111111145,LEC
2024-09-01 13:50:13.590,11526.0,227.0,6,12.0,True,0,car,0 days 00:01:13.426000,0 days 01:42:29.671000,5049.076944444448,LEC
2024-09-01 13:50:14.030,10702.0,210.0,5,14.0,True,0,car,0 days 00:01:13.866000,0 days 01:42:30.111000,5074.743611111115,LEC
2024-09-01 13:50:14.190,10440.0,201.0,5,15.0,True,0,car,0 days 00:01:14.026000,0 days 01:42:30.271000,5083.676944444448,LEC
2024-09-01 13:50:14.470,10138.0,196.0,5,15.0,False,0,car,0 days 00:01:14.306000,0 days 01:42:30.551000,5098.921388888893,LEC
2024-09-01 13:50:14.830,9906.0,189.0,5,19.0,False,0,car,0 days 00:01:14.666000,0 days 01:42:30.911000,5117.821388888892,LEC
2024-09-01 13:50:15.190,10012.0,186.0,5,67.0,False,0,car,0 days 00:01:15.026000,0 days 01:42:31.271000,5136.421388888893,LEC
2024-09-01 13:50:15.470,10256.0,189.0,5,77.0,False,0,car,0 days 00:01:15.306000,0 days 01:42:31.551000,5151.121388888892,LEC
2024-09-01 13:50:15.630,10523.0,192.0,5,80.0,False,0,car,0 days 00:01:15.466000,0 days 01:42:31.711000,5159.654722222225,LEC
2024-09-01 13:50:15.870,10721.0,198.0,5,87.0,False,0,car,0 days 00:01:15.706000,0 days 01:42:31.951000,5172.854722222226,LEC
2024-09-01 13:50:16.190,11099.0,202.0,5,87.0,False,0,car,0 days 00:01:16.026000,0 days 01:42:32.271000,5190.810277777781,LEC
2024-09-01 13:50:16.510,11528.0,211.0,5,99.0,False,0,car,0 days 00:01:16.346000,0 days 01:42:32.591000,5209.565833333338,LEC
2024-09-01 13:50:16.910,10626.0,219.0,5,100.0,False,0,car,0 days 00:01:16.746000,0 days 01:42:32.991000,5233.899166666671,LEC
2024-09-01 13:50:17.229,10767.0,230.0,6,100.0,False,0,car,0 days 00:01:17.065000,0 days 01:42:33.310000,5254.279722222226,LEC
2024-09-01 13:50:17.469,11024.0,235.0,6,100.0,False,0,car,0 days 00:01:17.305000,0 days 01:42:33.550000,5269.946388888893,LEC
2024-09-01 13:50:17.709,11166.0,235.0,6,100.0,False,0,car,0 days 00:01:17.545000,0 days 01:42:33.790000,5285.613055555559,LEC
2024-09-01 13:50:17.869,11303.0,245.0,6,100.0,False,0,car,0 days 00:01:17.705000,0 days 01:42:33.950000,5296.501944444448,LEC
2024-09-01 13:50:18.109,11491.0,249.0,6,100.0,False,0,car,0 days 00:01:17.945000,0 days 01:42:34.190000,5313.101944444447,LEC
2024-09-01 13:50:18.389,11723.0,254.0,6,100.0,False,0,car,0 days 00:01:18.225000,0 days 01:42:34.470000,5332.857500000003,LEC
2024-09-01 13:50:18.790,10668.0,261.0,7,100.0,False,0,car,0 days 00:01:18.626000,0 days 01:42:34.871000,5361.930000000004,LEC
2024-09-01 13:50:19.150,10821.0,269.0,7,100.0,False,0,car,0 days 00:01:18.986000,0 days 01:42:35.231000,5388.830000000004,LEC
2024-09-01 13:50:19.390,10934.0,272.0,7,100.0,False,0,car,0 days 00:01:19.226000,0 days 01:42:35.471000,5406.963333333337,LEC
2024-09-01 13:50:19.710,11162.0,275.0,7,100.0,False,0,car,0 days 00:01:19.546000,0 days 01:42:35.791000,5431.407777777782,LEC
2024-09-01 13:50:19.870,11282.0,280.0,7,100.0,False,0,car,0 days 00:01:19.706000,0 days 01:42:35.951000,5443.852222222226,LEC
2024-09-01 13:50:20.190,11454.0,283.0,7,100.0,False,0,car,0 days 00:01:20.026000,0 days 01:42:36.271000,5469.0077777777815,LEC
2024-09-01 13:50:20.430,11574.0,286.0,7,100.0,False,0,car,0 days 00:01:20.266000,0 days 01:42:36.511000,5488.074444444449,LEC
2024-09-01 13:50:20.790,11845.0,290.0,7,100.0,False,0,car,0 days 00:01:20.626000,0 days 01:42:36.871000,5517.074444444449,LEC
2024-09-01 13:50:21.270,10565.0,297.0,8,99.0,False,0,car,0 days 00:01:21.106000,0 days 01:42:37.351000,5556.674444444448,LEC
2024-09-01 13:50:21.430,10565.0,299.0,8,99.0,False,0,car,0 days 00:01:21.266000,0 days 01:42:37.511000,5569.963333333339,LEC
2024-09-01 13:50:21.590,10804.0,302.0,8,100.0,False,0,car,0 days 00:01:21.426000,0 days 01:42:37.671000,5583.38555555556,LEC
2024-09-01 13:50:21.750,10833.0,304.0,8,100.0,False,0,car,0 days 00:01:21.586000,0 days 01:42:37.831000,5596.896666666671,LEC
2024-09-01 13:50:22.110,10935.0,306.0,8,100.0,False,0,car,0 days 00:01:21.946000,0 days 01:42:38.191000,5627.496666666671,LEC
2024-09-01 13:50:22.310,10985.0,309.0,8,99.0,False,0,car,0 days 00:01:22.146000,0 days 01:42:38.391000,5644.663333333338,LEC
2024-09-01 13:50:22.550,11087.0,311.0,8,99.0,False,0,car,0 days 00:01:22.386000,0 days 01:42:38.631000,5665.396666666671,LEC
2024-09-01 13:50:22.950,11177.0,314.0,8,99.0,False,0,car,0 days 00:01:22.786000,0 days 01:42:39.031000,5700.285555555561,LEC
2024-09-01 13:50:23.230,11278.0,315.0,8,99.0,False,0,car,0 days 00:01:23.066000,0 days 01:42:39.311000,5724.785555555561,LEC
